id,symptom,symptom_text,solution
1,headache,Enakku innaiku headache irukku,"Panadol tablet eduthukkonga, konjam rest pannunga"
2,vomiting,Enakku innaiku vomiting irukku,"ORS solution kudikkonga, light diet follow pannunga"
3,diarrhea,Enakku innaiku diarrhea irukku,"ORS and more water kudikkonga, spicy food avoid pannunga"
4,skin rash,Enakku innaiku skin rash irukku,"Doctor kitte consult pannunga, avoid scratching"
5,body pain,Enakku innaiku body pain irukku,"Paracetamol eduthukkonga, rest pannunga"
6,sore throat,Enakku innaiku sore throat irukku,"Ginger tea kudikkonga, salt water gargle pannunga"
7,tiredness,Enakku innaiku tiredness irukku,"Proper sleep eduthukkonga, fruits saapdunga"
8,sore throat,Enakku innaiku sore throat irukku,"Ginger tea kudikkonga, salt water gargle pannunga"
9,fever,Enakku innaiku fever irukku,"Take rest, drink warm water, paracetamol eduthukkonga"
10,chest pain,Enakku innaiku chest pain irukku,"Immediate ah doctor ku poonga, serious aana ambulance ku call pannunga"
11,cold,Enakku innaiku cold irukku,"Steam eduthukkonga, warm water kudikkonga"
12,stomach pain,Enakku innaiku stomach pain irukku,"Light ah food saapdunga, doctor kitte consult pannunga"
13,tiredness,Enakku innaiku tiredness irukku,"Proper sleep eduthukkonga, fruits saapdunga"
14,skin rash,Enakku innaiku skin rash irukku,"Doctor kitte consult pannunga, avoid scratching"
15,body pain,Enakku innaiku body pain irukku,"Paracetamol eduthukkonga, rest pannunga"
16,weakness,Enakku innaiku weakness irukku,"Iron-rich food saapdunga, doctor consult pannunga"
17,sore throat,Enakku innaiku sore throat irukku,"Ginger tea kudikkonga, salt water gargle pannunga"
18,cough,Enakku innaiku cough irukku,"Honey with hot water kudikkonga, avoid cold items"
19,chest pain,Enakku innaiku chest pain irukku,"Immediate ah doctor ku poonga, serious aana ambulance ku call pannunga"
20,stomach pain,Enakku innaiku stomach pain irukku,"Light ah food saapdunga, doctor kitte consult pannunga"
21,fever,Enakku innaiku fever irukku,"Take rest, drink warm water, paracetamol eduthukkonga"
22,back pain,Enakku innaiku back pain irukku,"Bed rest pannunga, pain relief ointment use pannunga"
23,skin rash,Enakku innaiku skin rash irukku,"Doctor kitte consult pannunga, avoid scratching"
24,fever,Enakku innaiku fever irukku,"Take rest, drink warm water, paracetamol eduthukkonga"
25,tiredness,Enakku innaiku tiredness irukku,"Proper sleep eduthukkonga, fruits saapdunga"
26,vomiting,Enakku innaiku vomiting irukku,"ORS solution kudikkonga, light diet follow pannunga"
27,tiredness,Enakku innaiku tiredness irukku,"Proper sleep eduthukkonga, fruits saapdunga"
28,diarrhea,Enakku innaiku diarrhea irukku,"ORS and more water kudikkonga, spicy food avoid pannunga"
29,skin rash,Enakku innaiku skin rash irukku,"Doctor kitte consult pannunga, avoid scratching"
30,headache,Enakku innaiku headache irukku,"Panadol tablet eduthukkonga, konjam rest pannunga"
31,chest pain,Enakku innaiku chest pain irukku,"Immediate ah doctor ku poonga, serious aana ambulance ku call pannunga"
32,skin rash,Enakku innaiku skin rash irukku,"Doctor kitte consult pannunga, avoid scratching"
33,headache,Enakku innaiku headache irukku,"Panadol tablet eduthukkonga, konjam rest pannunga"
34,back pain,Enakku innaiku back pain irukku,"Bed rest pannunga, pain relief ointment use pannunga"
35,throat pain,Enakku innaiku throat pain irukku,"Salt water gargle pannunga, warm water kudikkonga"
36,stomach pain,Enakku innaiku stomach pain irukku,"Light ah food saapdunga, doctor kitte consult pannunga"
37,diarrhea,Enakku innaiku diarrhea irukku,"ORS and more water kudikkonga, spicy food avoid pannunga"
38,vomiting,Enakku innaiku vomiting irukku,"ORS solution kudikkonga, light diet follow pannunga"
39,chest pain,Enakku innaiku chest pain irukku,"Immediate ah doctor ku poonga, serious aana ambulance ku call pannunga"
40,weakness,Enakku innaiku weakness irukku,"Iron-rich food saapdunga, doctor consult pannunga"
41,cough,Enakku innaiku cough irukku,"Honey with hot water kudikkonga, avoid cold items"
42,sore throat,Enakku innaiku sore throat irukku,"Ginger tea kudikkonga, salt water gargle pannunga"
43,vomiting,Enakku innaiku vomiting irukku,"ORS solution kudikkonga, light diet follow pannunga"
44,fever,Enakku innaiku fever irukku,"Take rest, drink warm water, paracetamol eduthukkonga"
45,chest pain,Enakku innaiku chest pain irukku,"Immediate ah doctor ku poonga, serious aana ambulance ku call pannunga"
46,skin rash,Enakku innaiku skin rash irukku,"Doctor kitte consult pannunga, avoid scratching"
47,weakness,Enakku innaiku weakness irukku,"Iron-rich food saapdunga, doctor consult pannunga"
48,weakness,Enakku innaiku weakness irukku,"Iron-rich food saapdunga, doctor consult pannunga"
49,weakness,Enakku innaiku weakness irukku,"Iron-rich food saapdunga, doctor consult pannunga"
50,headache,Enakku innaiku headache irukku,"Panadol tablet eduthukkonga, konjam rest pannunga"
51,weakness,Enakku innaiku weakness irukku,"Iron-rich food saapdunga, doctor consult pannunga"
52,body pain,Enakku innaiku body pain irukku,"Paracetamol eduthukkonga, rest pannunga"
53,cough,Enakku innaiku cough irukku,"Honey with hot water kudikkonga, avoid cold items"
54,cold,Enakku innaiku cold irukku,"Steam eduthukkonga, warm water kudikkonga"
55,vomiting,Enakku innaiku vomiting irukku,"ORS solution kudikkonga, light diet follow pannunga"
56,headache,Enakku innaiku headache irukku,"Panadol tablet eduthukkonga, konjam rest pannunga"
57,cold,Enakku innaiku cold irukku,"Steam eduthukkonga, warm water kudikkonga"
58,cough,Enakku innaiku cough irukku,"Honey with hot water kudikkonga, avoid cold items"
59,skin rash,Enakku innaiku skin rash irukku,"Doctor kitte consult pannunga, avoid scratching"
60,weakness,Enakku innaiku weakness irukku,"Iron-rich food saapdunga, doctor consult pannunga"
61,diarrhea,Enakku innaiku diarrhea irukku,"ORS and more water kudikkonga, spicy food avoid pannunga"
62,skin rash,Enakku innaiku skin rash irukku,"Doctor kitte consult pannunga, avoid scratching"
63,chest pain,Enakku innaiku chest pain irukku,"Immediate ah doctor ku poonga, serious aana ambulance ku call pannunga"
64,cold,Enakku innaiku cold irukku,"Steam eduthukkonga, warm water kudikkonga"
65,tiredness,Enakku innaiku tiredness irukku,"Proper sleep eduthukkonga, fruits saapdunga"
66,diarrhea,Enakku innaiku diarrhea irukku,"ORS and more water kudikkonga, spicy food avoid pannunga"
67,body pain,Enakku innaiku body pain irukku,"Paracetamol eduthukkonga, rest pannunga"
68,skin rash,Enakku innaiku skin rash irukku,"Doctor kitte consult pannunga, avoid scratching"
69,body pain,Enakku innaiku body pain irukku,"Paracetamol eduthukkonga, rest pannunga"
70,stomach pain,Enakku innaiku stomach pain irukku,"Light ah food saapdunga, doctor kitte consult pannunga"
71,sore throat,Enakku innaiku sore throat irukku,"Ginger tea kudikkonga, salt water gargle pannunga"
72,throat pain,Enakku innaiku throat pain irukku,"Salt water gargle pannunga, warm water kudikkonga"
73,chest pain,Enakku innaiku chest pain irukku,"Immediate ah doctor ku poonga, serious aana ambulance ku call pannunga"
74,body pain,Enakku innaiku body pain irukku,"Paracetamol eduthukkonga, rest pannunga"
75,tiredness,Enakku innaiku tiredness irukku,"Proper sleep eduthukkonga, fruits saapdunga"
76,cold,Enakku innaiku cold irukku,"Steam eduthukkonga, warm water kudikkonga"
77,back pain,Enakku innaiku back pain irukku,"Bed rest pannunga, pain relief ointment use pannunga"
78,fever,Enakku innaiku fever irukku,"Take rest, drink warm water, paracetamol eduthukkonga"
79,sore throat,Enakku innaiku sore throat irukku,"Ginger tea kudikkonga, salt water gargle pannunga"
80,skin rash,Enakku innaiku skin rash irukku,"Doctor kitte consult pannunga, avoid scratching"
81,tiredness,Enakku innaiku tiredness irukku,"Proper sleep eduthukkonga, fruits saapdunga"
82,sore throat,Enakku innaiku sore throat irukku,"Ginger tea kudikkonga, salt water gargle pannunga"
83,skin rash,Enakku innaiku skin rash irukku,"Doctor kitte consult pannunga, avoid scratching"
84,chest pain,Enakku innaiku chest pain irukku,"Immediate ah doctor ku poonga, serious aana ambulance ku call pannunga"
85,cold,Enakku innaiku cold irukku,"Steam eduthukkonga, warm water kudikkonga"
86,headache,Enakku innaiku headache irukku,"Panadol tablet eduthukkonga, konjam rest pannunga"
87,weakness,Enakku innaiku weakness irukku,"Iron-rich food saapdunga, doctor consult pannunga"
88,back pain,Enakku innaiku back pain irukku,"Bed rest pannunga, pain relief ointment use pannunga"
89,weakness,Enakku innaiku weakness irukku,"Iron-rich food saapdunga, doctor consult pannunga"
90,cough,Enakku innaiku cough irukku,"Honey with hot water kudikkonga, avoid cold items"
91,throat pain,Enakku innaiku throat pain irukku,"Salt water gargle pannunga, warm water kudikkonga"
92,vomiting,Enakku innaiku vomiting irukku,"ORS solution kudikkonga, light diet follow pannunga"
93,stomach pain,Enakku innaiku stomach pain irukku,"Light ah food saapdunga, doctor kitte consult pannunga"
94,headache,Enakku innaiku headache irukku,"Panadol tablet eduthukkonga, konjam rest pannunga"
95,skin rash,Enakku innaiku skin rash irukku,"Doctor kitte consult pannunga, avoid scratching"
96,headache,Enakku innaiku headache irukku,"Panadol tablet eduthukkonga, konjam rest pannunga"
97,back pain,Enakku innaiku back pain irukku,"Bed rest pannunga, pain relief ointment use pannunga"
98,throat pain,Enakku innaiku throat pain irukku,"Salt water gargle pannunga, warm water kudikkonga"
99,diarrhea,Enakku innaiku diarrhea irukku,"ORS and more water kudikkonga, spicy food avoid pannunga"
100,body pain,Enakku innaiku body pain irukku,"Paracetamol eduthukkonga, rest pannunga"
101,vomiting,Enakku innaiku vomiting irukku,"ORS solution kudikkonga, light diet follow pannunga"
102,headache,Enakku innaiku headache irukku,"Panadol tablet eduthukkonga, konjam rest pannunga"
103,vomiting,Enakku innaiku vomiting irukku,"ORS solution kudikkonga, light diet follow pannunga"
104,headache,Enakku innaiku headache irukku,"Panadol tablet eduthukkonga, konjam rest pannunga"
105,throat pain,Enakku innaiku throat pain irukku,"Salt water gargle pannunga, warm water kudikkonga"
106,sore throat,Enakku innaiku sore throat irukku,"Ginger tea kudikkonga, salt water gargle pannunga"
107,back pain,Enakku innaiku back pain irukku,"Bed rest pannunga, pain relief ointment use pannunga"
108,skin rash,Enakku innaiku skin rash irukku,"Doctor kitte consult pannunga, avoid scratching"
109,headache,Enakku innaiku headache irukku,"Panadol tablet eduthukkonga, konjam rest pannunga"
110,stomach pain,Enakku innaiku stomach pain irukku,"Light ah food saapdunga, doctor kitte consult pannunga"
111,chest pain,Enakku innaiku chest pain irukku,"Immediate ah doctor ku poonga, serious aana ambulance ku call pannunga"
112,cough,Enakku innaiku cough irukku,"Honey with hot water kudikkonga, avoid cold items"
113,sore throat,Enakku innaiku sore throat irukku,"Ginger tea kudikkonga, salt water gargle pannunga"
114,headache,Enakku innaiku headache irukku,"Panadol tablet eduthukkonga, konjam rest pannunga"
115,tiredness,Enakku innaiku tiredness irukku,"Proper sleep eduthukkonga, fruits saapdunga"
116,skin rash,Enakku innaiku skin rash irukku,"Doctor kitte consult pannunga, avoid scratching"
117,chest pain,Enakku innaiku chest pain irukku,"Immediate ah doctor ku poonga, serious aana ambulance ku call pannunga"
118,skin rash,Enakku innaiku skin rash irukku,"Doctor kitte consult pannunga, avoid scratching"
119,weakness,Enakku innaiku weakness irukku,"Iron-rich food saapdunga, doctor consult pannunga"
120,weakness,Enakku innaiku weakness irukku,"Iron-rich food saapdunga, doctor consult pannunga"
121,throat pain,Enakku innaiku throat pain irukku,"Salt water gargle pannunga, warm water kudikkonga"
122,chest pain,Enakku innaiku chest pain irukku,"Immediate ah doctor ku poonga, serious aana ambulance ku call pannunga"
123,fever,Enakku innaiku fever irukku,"Take rest, drink warm water, paracetamol eduthukkonga"
124,skin rash,Enakku innaiku skin rash irukku,"Doctor kitte consult pannunga, avoid scratching"
125,fever,Enakku innaiku fever irukku,"Take rest, drink warm water, paracetamol eduthukkonga"
126,sore throat,Enakku innaiku sore throat irukku,"Ginger tea kudikkonga, salt water gargle pannunga"
127,cold,Enakku innaiku cold irukku,"Steam eduthukkonga, warm water kudikkonga"
128,weakness,Enakku innaiku weakness irukku,"Iron-rich food saapdunga, doctor consult pannunga"
129,vomiting,Enakku innaiku vomiting irukku,"ORS solution kudikkonga, light diet follow pannunga"
130,throat pain,Enakku innaiku throat pain irukku,"Salt water gargle pannunga, warm water kudikkonga"
131,weakness,Enakku innaiku weakness irukku,"Iron-rich food saapdunga, doctor consult pannunga"
132,body pain,Enakku innaiku body pain irukku,"Paracetamol eduthukkonga, rest pannunga"
133,weakness,Enakku innaiku weakness irukku,"Iron-rich food saapdunga, doctor consult pannunga"
134,headache,Enakku innaiku headache irukku,"Panadol tablet eduthukkonga, konjam rest pannunga"
135,fever,Enakku innaiku fever irukku,"Take rest, drink warm water, paracetamol eduthukkonga"
136,back pain,Enakku innaiku back pain irukku,"Bed rest pannunga, pain relief ointment use pannunga"
137,sore throat,Enakku innaiku sore throat irukku,"Ginger tea kudikkonga, salt water gargle pannunga"
138,headache,Enakku innaiku headache irukku,"Panadol tablet eduthukkonga, konjam rest pannunga"
139,cold,Enakku innaiku cold irukku,"Steam eduthukkonga, warm water kudikkonga"
140,vomiting,Enakku innaiku vomiting irukku,"ORS solution kudikkonga, light diet follow pannunga"
141,throat pain,Enakku innaiku throat pain irukku,"Salt water gargle pannunga, warm water kudikkonga"
142,throat pain,Enakku innaiku throat pain irukku,"Salt water gargle pannunga, warm water kudikkonga"
143,sore throat,Enakku innaiku sore throat irukku,"Ginger tea kudikkonga, salt water gargle pannunga"
144,cough,Enakku innaiku cough irukku,"Honey with hot water kudikkonga, avoid cold items"
145,cough,Enakku innaiku cough irukku,"Honey with hot water kudikkonga, avoid cold items"
146,diarrhea,Enakku innaiku diarrhea irukku,"ORS and more water kudikkonga, spicy food avoid pannunga"
147,headache,Enakku innaiku headache irukku,"Panadol tablet eduthukkonga, konjam rest pannunga"
148,skin rash,Enakku innaiku skin rash irukku,"Doctor kitte consult pannunga, avoid scratching"
149,tiredness,Enakku innaiku tiredness irukku,"Proper sleep eduthukkonga, fruits saapdunga"
150,weakness,Enakku innaiku weakness irukku,"Iron-rich food saapdunga, doctor consult pannunga"
151,headache,Enakku innaiku headache irukku,"Panadol tablet eduthukkonga, konjam rest pannunga"
152,fever,Enakku innaiku fever irukku,"Take rest, drink warm water, paracetamol eduthukkonga"
153,sore throat,Enakku innaiku sore throat irukku,"Ginger tea kudikkonga, salt water gargle pannunga"
154,skin rash,Enakku innaiku skin rash irukku,"Doctor kitte consult pannunga, avoid scratching"
155,back pain,Enakku innaiku back pain irukku,"Bed rest pannunga, pain relief ointment use pannunga"
156,fever,Enakku innaiku fever irukku,"Take rest, drink warm water, paracetamol eduthukkonga"
157,diarrhea,Enakku innaiku diarrhea irukku,"ORS and more water kudikkonga, spicy food avoid pannunga"
158,fever,Enakku innaiku fever irukku,"Take rest, drink warm water, paracetamol eduthukkonga"
159,chest pain,Enakku innaiku chest pain irukku,"Immediate ah doctor ku poonga, serious aana ambulance ku call pannunga"
160,body pain,Enakku innaiku body pain irukku,"Paracetamol eduthukkonga, rest pannunga"
161,cold,Enakku innaiku cold irukku,"Steam eduthukkonga, warm water kudikkonga"
162,throat pain,Enakku innaiku throat pain irukku,"Salt water gargle pannunga, warm water kudikkonga"
163,vomiting,Enakku innaiku vomiting irukku,"ORS solution kudikkonga, light diet follow pannunga"
164,sore throat,Enakku innaiku sore throat irukku,"Ginger tea kudikkonga, salt water gargle pannunga"
165,cold,Enakku innaiku cold irukku,"Steam eduthukkonga, warm water kudikkonga"
166,cough,Enakku innaiku cough irukku,"Honey with hot water kudikkonga, avoid cold items"
167,cough,Enakku innaiku cough irukku,"Honey with hot water kudikkonga, avoid cold items"
168,throat pain,Enakku innaiku throat pain irukku,"Salt water gargle pannunga, warm water kudikkonga"
169,throat pain,Enakku innaiku throat pain irukku,"Salt water gargle pannunga, warm water kudikkonga"
170,tiredness,Enakku innaiku tiredness irukku,"Proper sleep eduthukkonga, fruits saapdunga"
171,weakness,Enakku innaiku weakness irukku,"Iron-rich food saapdunga, doctor consult pannunga"
172,body pain,Enakku innaiku body pain irukku,"Paracetamol eduthukkonga, rest pannunga"
173,body pain,Enakku innaiku body pain irukku,"Paracetamol eduthukkonga, rest pannunga"
174,weakness,Enakku innaiku weakness irukku,"Iron-rich food saapdunga, doctor consult pannunga"
175,sore throat,Enakku innaiku sore throat irukku,"Ginger tea kudikkonga, salt water gargle pannunga"
176,headache,Enakku innaiku headache irukku,"Panadol tablet eduthukkonga, konjam rest pannunga"
177,stomach pain,Enakku innaiku stomach pain irukku,"Light ah food saapdunga, doctor kitte consult pannunga"
178,headache,Enakku innaiku headache irukku,"Panadol tablet eduthukkonga, konjam rest pannunga"
179,chest pain,Enakku innaiku chest pain irukku,"Immediate ah doctor ku poonga, serious aana ambulance ku call pannunga"
180,back pain,Enakku innaiku back pain irukku,"Bed rest pannunga, pain relief ointment use pannunga"
181,fever,Enakku innaiku fever irukku,"Take rest, drink warm water, paracetamol eduthukkonga"
182,back pain,Enakku innaiku back pain irukku,"Bed rest pannunga, pain relief ointment use pannunga"
183,skin rash,Enakku innaiku skin rash irukku,"Doctor kitte consult pannunga, avoid scratching"
184,sore throat,Enakku innaiku sore throat irukku,"Ginger tea kudikkonga, salt water gargle pannunga"
185,diarrhea,Enakku innaiku diarrhea irukku,"ORS and more water kudikkonga, spicy food avoid pannunga"
186,cold,Enakku innaiku cold irukku,"Steam eduthukkonga, warm water kudikkonga"
187,sore throat,Enakku innaiku sore throat irukku,"Ginger tea kudikkonga, salt water gargle pannunga"
188,headache,Enakku innaiku headache irukku,"Panadol tablet eduthukkonga, konjam rest pannunga"
189,body pain,Enakku innaiku body pain irukku,"Paracetamol eduthukkonga, rest pannunga"
190,tiredness,Enakku innaiku tiredness irukku,"Proper sleep eduthukkonga, fruits saapdunga"
191,vomiting,Enakku innaiku vomiting irukku,"ORS solution kudikkonga, light diet follow pannunga"
192,skin rash,Enakku innaiku skin rash irukku,"Doctor kitte consult pannunga, avoid scratching"
193,body pain,Enakku innaiku body pain irukku,"Paracetamol eduthukkonga, rest pannunga"
194,headache,Enakku innaiku headache irukku,"Panadol tablet eduthukkonga, konjam rest pannunga"
195,tiredness,Enakku innaiku tiredness irukku,"Proper sleep eduthukkonga, fruits saapdunga"
196,throat pain,Enakku innaiku throat pain irukku,"Salt water gargle pannunga, warm water kudikkonga"
197,cold,Enakku innaiku cold irukku,"Steam eduthukkonga, warm water kudikkonga"
198,back pain,Enakku innaiku back pain irukku,"Bed rest pannunga, pain relief ointment use pannunga"
199,weakness,Enakku innaiku weakness irukku,"Iron-rich food saapdunga, doctor consult pannunga"
200,back pain,Enakku innaiku back pain irukku,"Bed rest pannunga, pain relief ointment use pannunga"
201,diarrhea,Enakku innaiku diarrhea irukku,"ORS and more water kudikkonga, spicy food avoid pannunga"
202,sore throat,Enakku innaiku sore throat irukku,"Ginger tea kudikkonga, salt water gargle pannunga"
203,stomach pain,Enakku innaiku stomach pain irukku,"Light ah food saapdunga, doctor kitte consult pannunga"
204,fever,Enakku innaiku fever irukku,"Take rest, drink warm water, paracetamol eduthukkonga"
205,throat pain,Enakku innaiku throat pain irukku,"Salt water gargle pannunga, warm water kudikkonga"
206,weakness,Enakku innaiku weakness irukku,"Iron-rich food saapdunga, doctor consult pannunga"
207,fever,Enakku innaiku fever irukku,"Take rest, drink warm water, paracetamol eduthukkonga"
208,headache,Enakku innaiku headache irukku,"Panadol tablet eduthukkonga, konjam rest pannunga"
209,throat pain,Enakku innaiku throat pain irukku,"Salt water gargle pannunga, warm water kudikkonga"
210,chest pain,Enakku innaiku chest pain irukku,"Immediate ah doctor ku poonga, serious aana ambulance ku call pannunga"
211,diarrhea,Enakku innaiku diarrhea irukku,"ORS and more water kudikkonga, spicy food avoid pannunga"
212,skin rash,Enakku innaiku skin rash irukku,"Doctor kitte consult pannunga, avoid scratching"
213,chest pain,Enakku innaiku chest pain irukku,"Immediate ah doctor ku poonga, serious aana ambulance ku call pannunga"
214,stomach pain,Enakku innaiku stomach pain irukku,"Light ah food saapdunga, doctor kitte consult pannunga"
215,chest pain,Enakku innaiku chest pain irukku,"Immediate ah doctor ku poonga, serious aana ambulance ku call pannunga"
216,tiredness,Enakku innaiku tiredness irukku,"Proper sleep eduthukkonga, fruits saapdunga"
217,diarrhea,Enakku innaiku diarrhea irukku,"ORS and more water kudikkonga, spicy food avoid pannunga"
218,cold,Enakku innaiku cold irukku,"Steam eduthukkonga, warm water kudikkonga"
219,throat pain,Enakku innaiku throat pain irukku,"Salt water gargle pannunga, warm water kudikkonga"
220,vomiting,Enakku innaiku vomiting irukku,"ORS solution kudikkonga, light diet follow pannunga"
221,stomach pain,Enakku innaiku stomach pain irukku,"Light ah food saapdunga, doctor kitte consult pannunga"
222,sore throat,Enakku innaiku sore throat irukku,"Ginger tea kudikkonga, salt water gargle pannunga"
223,fever,Enakku innaiku fever irukku,"Take rest, drink warm water, paracetamol eduthukkonga"
224,cold,Enakku innaiku cold irukku,"Steam eduthukkonga, warm water kudikkonga"
225,chest pain,Enakku innaiku chest pain irukku,"Immediate ah doctor ku poonga, serious aana ambulance ku call pannunga"
226,diarrhea,Enakku innaiku diarrhea irukku,"ORS and more water kudikkonga, spicy food avoid pannunga"
227,back pain,Enakku innaiku back pain irukku,"Bed rest pannunga, pain relief ointment use pannunga"
228,tiredness,Enakku innaiku tiredness irukku,"Proper sleep eduthukkonga, fruits saapdunga"
229,back pain,Enakku innaiku back pain irukku,"Bed rest pannunga, pain relief ointment use pannunga"
230,throat pain,Enakku innaiku throat pain irukku,"Salt water gargle pannunga, warm water kudikkonga"
231,throat pain,Enakku innaiku throat pain irukku,"Salt water gargle pannunga, warm water kudikkonga"
232,headache,Enakku innaiku headache irukku,"Panadol tablet eduthukkonga, konjam rest pannunga"
233,weakness,Enakku innaiku weakness irukku,"Iron-rich food saapdunga, doctor consult pannunga"
234,cough,Enakku innaiku cough irukku,"Honey with hot water kudikkonga, avoid cold items"
235,body pain,Enakku innaiku body pain irukku,"Paracetamol eduthukkonga, rest pannunga"
236,back pain,Enakku innaiku back pain irukku,"Bed rest pannunga, pain relief ointment use pannunga"
237,throat pain,Enakku innaiku throat pain irukku,"Salt water gargle pannunga, warm water kudikkonga"
238,back pain,Enakku innaiku back pain irukku,"Bed rest pannunga, pain relief ointment use pannunga"
239,sore throat,Enakku innaiku sore throat irukku,"Ginger tea kudikkonga, salt water gargle pannunga"
240,diarrhea,Enakku innaiku diarrhea irukku,"ORS and more water kudikkonga, spicy food avoid pannunga"
241,chest pain,Enakku innaiku chest pain irukku,"Immediate ah doctor ku poonga, serious aana ambulance ku call pannunga"
242,cough,Enakku innaiku cough irukku,"Honey with hot water kudikkonga, avoid cold items"
243,back pain,Enakku innaiku back pain irukku,"Bed rest pannunga, pain relief ointment use pannunga"
244,vomiting,Enakku innaiku vomiting irukku,"ORS solution kudikkonga, light diet follow pannunga"
245,cold,Enakku innaiku cold irukku,"Steam eduthukkonga, warm water kudikkonga"
246,fever,Enakku innaiku fever irukku,"Take rest, drink warm water, paracetamol eduthukkonga"
247,fever,Enakku innaiku fever irukku,"Take rest, drink warm water, paracetamol eduthukkonga"
248,diarrhea,Enakku innaiku diarrhea irukku,"ORS and more water kudikkonga, spicy food avoid pannunga"
249,headache,Enakku innaiku headache irukku,"Panadol tablet eduthukkonga, konjam rest pannunga"
250,vomiting,Enakku innaiku vomiting irukku,"ORS solution kudikkonga, light diet follow pannunga"
251,stomach pain,Enakku innaiku stomach pain irukku,"Light ah food saapdunga, doctor kitte consult pannunga"
252,vomiting,Enakku innaiku vomiting irukku,"ORS solution kudikkonga, light diet follow pannunga"
253,cold,Enakku innaiku cold irukku,"Steam eduthukkonga, warm water kudikkonga"
254,chest pain,Enakku innaiku chest pain irukku,"Immediate ah doctor ku poonga, serious aana ambulance ku call pannunga"
255,back pain,Enakku innaiku back pain irukku,"Bed rest pannunga, pain relief ointment use pannunga"
256,cough,Enakku innaiku cough irukku,"Honey with hot water kudikkonga, avoid cold items"
257,back pain,Enakku innaiku back pain irukku,"Bed rest pannunga, pain relief ointment use pannunga"
258,sore throat,Enakku innaiku sore throat irukku,"Ginger tea kudikkonga, salt water gargle pannunga"
259,cold,Enakku innaiku cold irukku,"Steam eduthukkonga, warm water kudikkonga"
260,skin rash,Enakku innaiku skin rash irukku,"Doctor kitte consult pannunga, avoid scratching"
261,chest pain,Enakku innaiku chest pain irukku,"Immediate ah doctor ku poonga, serious aana ambulance ku call pannunga"
262,sore throat,Enakku innaiku sore throat irukku,"Ginger tea kudikkonga, salt water gargle pannunga"
263,diarrhea,Enakku innaiku diarrhea irukku,"ORS and more water kudikkonga, spicy food avoid pannunga"
264,weakness,Enakku innaiku weakness irukku,"Iron-rich food saapdunga, doctor consult pannunga"
265,cold,Enakku innaiku cold irukku,"Steam eduthukkonga, warm water kudikkonga"
266,weakness,Enakku innaiku weakness irukku,"Iron-rich food saapdunga, doctor consult pannunga"
267,stomach pain,Enakku innaiku stomach pain irukku,"Light ah food saapdunga, doctor kitte consult pannunga"
268,body pain,Enakku innaiku body pain irukku,"Paracetamol eduthukkonga, rest pannunga"
269,headache,Enakku innaiku headache irukku,"Panadol tablet eduthukkonga, konjam rest pannunga"
270,tiredness,Enakku innaiku tiredness irukku,"Proper sleep eduthukkonga, fruits saapdunga"
271,skin rash,Enakku innaiku skin rash irukku,"Doctor kitte consult pannunga, avoid scratching"
272,body pain,Enakku innaiku body pain irukku,"Paracetamol eduthukkonga, rest pannunga"
273,body pain,Enakku innaiku body pain irukku,"Paracetamol eduthukkonga, rest pannunga"
274,weakness,Enakku innaiku weakness irukku,"Iron-rich food saapdunga, doctor consult pannunga"
275,headache,Enakku innaiku headache irukku,"Panadol tablet eduthukkonga, konjam rest pannunga"
276,vomiting,Enakku innaiku vomiting irukku,"ORS solution kudikkonga, light diet follow pannunga"
277,back pain,Enakku innaiku back pain irukku,"Bed rest pannunga, pain relief ointment use pannunga"
278,stomach pain,Enakku innaiku stomach pain irukku,"Light ah food saapdunga, doctor kitte consult pannunga"
279,tiredness,Enakku innaiku tiredness irukku,"Proper sleep eduthukkonga, fruits saapdunga"
280,chest pain,Enakku innaiku chest pain irukku,"Immediate ah doctor ku poonga, serious aana ambulance ku call pannunga"
281,chest pain,Enakku innaiku chest pain irukku,"Immediate ah doctor ku poonga, serious aana ambulance ku call pannunga"
282,cold,Enakku innaiku cold irukku,"Steam eduthukkonga, warm water kudikkonga"
283,stomach pain,Enakku innaiku stomach pain irukku,"Light ah food saapdunga, doctor kitte consult pannunga"
284,sore throat,Enakku innaiku sore throat irukku,"Ginger tea kudikkonga, salt water gargle pannunga"
285,stomach pain,Enakku innaiku stomach pain irukku,"Light ah food saapdunga, doctor kitte consult pannunga"
286,fever,Enakku innaiku fever irukku,"Take rest, drink warm water, paracetamol eduthukkonga"
287,weakness,Enakku innaiku weakness irukku,"Iron-rich food saapdunga, doctor consult pannunga"
288,stomach pain,Enakku innaiku stomach pain irukku,"Light ah food saapdunga, doctor kitte consult pannunga"
289,throat pain,Enakku innaiku throat pain irukku,"Salt water gargle pannunga, warm water kudikkonga"
290,fever,Enakku innaiku fever irukku,"Take rest, drink warm water, paracetamol eduthukkonga"
291,back pain,Enakku innaiku back pain irukku,"Bed rest pannunga, pain relief ointment use pannunga"
292,sore throat,Enakku innaiku sore throat irukku,"Ginger tea kudikkonga, salt water gargle pannunga"
293,fever,Enakku innaiku fever irukku,"Take rest, drink warm water, paracetamol eduthukkonga"
294,sore throat,Enakku innaiku sore throat irukku,"Ginger tea kudikkonga, salt water gargle pannunga"
295,cold,Enakku innaiku cold irukku,"Steam eduthukkonga, warm water kudikkonga"
296,throat pain,Enakku innaiku throat pain irukku,"Salt water gargle pannunga, warm water kudikkonga"
297,back pain,Enakku innaiku back pain irukku,"Bed rest pannunga, pain relief ointment use pannunga"
298,vomiting,Enakku innaiku vomiting irukku,"ORS solution kudikkonga, light diet follow pannunga"
299,stomach pain,Enakku innaiku stomach pain irukku,"Light ah food saapdunga, doctor kitte consult pannunga"
300,cold,Enakku innaiku cold irukku,"Steam eduthukkonga, warm water kudikkonga"
301,tiredness,Enakku innaiku tiredness irukku,"Proper sleep eduthukkonga, fruits saapdunga"
302,tiredness,Enakku innaiku tiredness irukku,"Proper sleep eduthukkonga, fruits saapdunga"
303,stomach pain,Enakku innaiku stomach pain irukku,"Light ah food saapdunga, doctor kitte consult pannunga"
304,vomiting,Enakku innaiku vomiting irukku,"ORS solution kudikkonga, light diet follow pannunga"
305,cold,Enakku innaiku cold irukku,"Steam eduthukkonga, warm water kudikkonga"
306,stomach pain,Enakku innaiku stomach pain irukku,"Light ah food saapdunga, doctor kitte consult pannunga"
307,chest pain,Enakku innaiku chest pain irukku,"Immediate ah doctor ku poonga, serious aana ambulance ku call pannunga"
308,stomach pain,Enakku innaiku stomach pain irukku,"Light ah food saapdunga, doctor kitte consult pannunga"
309,body pain,Enakku innaiku body pain irukku,"Paracetamol eduthukkonga, rest pannunga"
310,skin rash,Enakku innaiku skin rash irukku,"Doctor kitte consult pannunga, avoid scratching"
311,skin rash,Enakku innaiku skin rash irukku,"Doctor kitte consult pannunga, avoid scratching"
312,chest pain,Enakku innaiku chest pain irukku,"Immediate ah doctor ku poonga, serious aana ambulance ku call pannunga"
313,cough,Enakku innaiku cough irukku,"Honey with hot water kudikkonga, avoid cold items"
314,tiredness,Enakku innaiku tiredness irukku,"Proper sleep eduthukkonga, fruits saapdunga"
315,tiredness,Enakku innaiku tiredness irukku,"Proper sleep eduthukkonga, fruits saapdunga"
316,headache,Enakku innaiku headache irukku,"Panadol tablet eduthukkonga, konjam rest pannunga"
317,weakness,Enakku innaiku weakness irukku,"Iron-rich food saapdunga, doctor consult pannunga"
318,stomach pain,Enakku innaiku stomach pain irukku,"Light ah food saapdunga, doctor kitte consult pannunga"
319,chest pain,Enakku innaiku chest pain irukku,"Immediate ah doctor ku poonga, serious aana ambulance ku call pannunga"
320,headache,Enakku innaiku headache irukku,"Panadol tablet eduthukkonga, konjam rest pannunga"
321,cough,Enakku innaiku cough irukku,"Honey with hot water kudikkonga, avoid cold items"
322,vomiting,Enakku innaiku vomiting irukku,"ORS solution kudikkonga, light diet follow pannunga"
323,weakness,Enakku innaiku weakness irukku,"Iron-rich food saapdunga, doctor consult pannunga"
324,skin rash,Enakku innaiku skin rash irukku,"Doctor kitte consult pannunga, avoid scratching"
325,vomiting,Enakku innaiku vomiting irukku,"ORS solution kudikkonga, light diet follow pannunga"
326,throat pain,Enakku innaiku throat pain irukku,"Salt water gargle pannunga, warm water kudikkonga"
327,weakness,Enakku innaiku weakness irukku,"Iron-rich food saapdunga, doctor consult pannunga"
328,cough,Enakku innaiku cough irukku,"Honey with hot water kudikkonga, avoid cold items"
329,stomach pain,Enakku innaiku stomach pain irukku,"Light ah food saapdunga, doctor kitte consult pannunga"
330,weakness,Enakku innaiku weakness irukku,"Iron-rich food saapdunga, doctor consult pannunga"
331,diarrhea,Enakku innaiku diarrhea irukku,"ORS and more water kudikkonga, spicy food avoid pannunga"
332,weakness,Enakku innaiku weakness irukku,"Iron-rich food saapdunga, doctor consult pannunga"
333,stomach pain,Enakku innaiku stomach pain irukku,"Light ah food saapdunga, doctor kitte consult pannunga"
334,sore throat,Enakku innaiku sore throat irukku,"Ginger tea kudikkonga, salt water gargle pannunga"
335,cold,Enakku innaiku cold irukku,"Steam eduthukkonga, warm water kudikkonga"
336,stomach pain,Enakku innaiku stomach pain irukku,"Light ah food saapdunga, doctor kitte consult pannunga"
337,stomach pain,Enakku innaiku stomach pain irukku,"Light ah food saapdunga, doctor kitte consult pannunga"
338,sore throat,Enakku innaiku sore throat irukku,"Ginger tea kudikkonga, salt water gargle pannunga"
339,back pain,Enakku innaiku back pain irukku,"Bed rest pannunga, pain relief ointment use pannunga"
340,chest pain,Enakku innaiku chest pain irukku,"Immediate ah doctor ku poonga, serious aana ambulance ku call pannunga"
341,cold,Enakku innaiku cold irukku,"Steam eduthukkonga, warm water kudikkonga"
342,cold,Enakku innaiku cold irukku,"Steam eduthukkonga, warm water kudikkonga"
343,sore throat,Enakku innaiku sore throat irukku,"Ginger tea kudikkonga, salt water gargle pannunga"
344,tiredness,Enakku innaiku tiredness irukku,"Proper sleep eduthukkonga, fruits saapdunga"
345,diarrhea,Enakku innaiku diarrhea irukku,"ORS and more water kudikkonga, spicy food avoid pannunga"
346,fever,Enakku innaiku fever irukku,"Take rest, drink warm water, paracetamol eduthukkonga"
347,diarrhea,Enakku innaiku diarrhea irukku,"ORS and more water kudikkonga, spicy food avoid pannunga"
348,cold,Enakku innaiku cold irukku,"Steam eduthukkonga, warm water kudikkonga"
349,tiredness,Enakku innaiku tiredness irukku,"Proper sleep eduthukkonga, fruits saapdunga"
350,throat pain,Enakku innaiku throat pain irukku,"Salt water gargle pannunga, warm water kudikkonga"
351,fever,Enakku innaiku fever irukku,"Take rest, drink warm water, paracetamol eduthukkonga"
352,vomiting,Enakku innaiku vomiting irukku,"ORS solution kudikkonga, light diet follow pannunga"
353,headache,Enakku innaiku headache irukku,"Panadol tablet eduthukkonga, konjam rest pannunga"
354,tiredness,Enakku innaiku tiredness irukku,"Proper sleep eduthukkonga, fruits saapdunga"
355,chest pain,Enakku innaiku chest pain irukku,"Immediate ah doctor ku poonga, serious aana ambulance ku call pannunga"
356,cold,Enakku innaiku cold irukku,"Steam eduthukkonga, warm water kudikkonga"
357,back pain,Enakku innaiku back pain irukku,"Bed rest pannunga, pain relief ointment use pannunga"
358,cold,Enakku innaiku cold irukku,"Steam eduthukkonga, warm water kudikkonga"
359,tiredness,Enakku innaiku tiredness irukku,"Proper sleep eduthukkonga, fruits saapdunga"
360,throat pain,Enakku innaiku throat pain irukku,"Salt water gargle pannunga, warm water kudikkonga"
361,headache,Enakku innaiku headache irukku,"Panadol tablet eduthukkonga, konjam rest pannunga"
362,chest pain,Enakku innaiku chest pain irukku,"Immediate ah doctor ku poonga, serious aana ambulance ku call pannunga"
363,sore throat,Enakku innaiku sore throat irukku,"Ginger tea kudikkonga, salt water gargle pannunga"
364,stomach pain,Enakku innaiku stomach pain irukku,"Light ah food saapdunga, doctor kitte consult pannunga"
365,tiredness,Enakku innaiku tiredness irukku,"Proper sleep eduthukkonga, fruits saapdunga"
366,headache,Enakku innaiku headache irukku,"Panadol tablet eduthukkonga, konjam rest pannunga"
367,vomiting,Enakku innaiku vomiting irukku,"ORS solution kudikkonga, light diet follow pannunga"
368,back pain,Enakku innaiku back pain irukku,"Bed rest pannunga, pain relief ointment use pannunga"
369,tiredness,Enakku innaiku tiredness irukku,"Proper sleep eduthukkonga, fruits saapdunga"
370,fever,Enakku innaiku fever irukku,"Take rest, drink warm water, paracetamol eduthukkonga"
371,back pain,Enakku innaiku back pain irukku,"Bed rest pannunga, pain relief ointment use pannunga"
372,cold,Enakku innaiku cold irukku,"Steam eduthukkonga, warm water kudikkonga"
373,diarrhea,Enakku innaiku diarrhea irukku,"ORS and more water kudikkonga, spicy food avoid pannunga"
374,body pain,Enakku innaiku body pain irukku,"Paracetamol eduthukkonga, rest pannunga"
375,cough,Enakku innaiku cough irukku,"Honey with hot water kudikkonga, avoid cold items"
376,stomach pain,Enakku innaiku stomach pain irukku,"Light ah food saapdunga, doctor kitte consult pannunga"
377,weakness,Enakku innaiku weakness irukku,"Iron-rich food saapdunga, doctor consult pannunga"
378,weakness,Enakku innaiku weakness irukku,"Iron-rich food saapdunga, doctor consult pannunga"
379,cough,Enakku innaiku cough irukku,"Honey with hot water kudikkonga, avoid cold items"
380,fever,Enakku innaiku fever irukku,"Take rest, drink warm water, paracetamol eduthukkonga"
381,weakness,Enakku innaiku weakness irukku,"Iron-rich food saapdunga, doctor consult pannunga"
382,diarrhea,Enakku innaiku diarrhea irukku,"ORS and more water kudikkonga, spicy food avoid pannunga"
383,diarrhea,Enakku innaiku diarrhea irukku,"ORS and more water kudikkonga, spicy food avoid pannunga"
384,sore throat,Enakku innaiku sore throat irukku,"Ginger tea kudikkonga, salt water gargle pannunga"
385,stomach pain,Enakku innaiku stomach pain irukku,"Light ah food saapdunga, doctor kitte consult pannunga"
386,cough,Enakku innaiku cough irukku,"Honey with hot water kudikkonga, avoid cold items"
387,chest pain,Enakku innaiku chest pain irukku,"Immediate ah doctor ku poonga, serious aana ambulance ku call pannunga"
388,sore throat,Enakku innaiku sore throat irukku,"Ginger tea kudikkonga, salt water gargle pannunga"
389,headache,Enakku innaiku headache irukku,"Panadol tablet eduthukkonga, konjam rest pannunga"
390,headache,Enakku innaiku headache irukku,"Panadol tablet eduthukkonga, konjam rest pannunga"
391,back pain,Enakku innaiku back pain irukku,"Bed rest pannunga, pain relief ointment use pannunga"
392,diarrhea,Enakku innaiku diarrhea irukku,"ORS and more water kudikkonga, spicy food avoid pannunga"
393,cough,Enakku innaiku cough irukku,"Honey with hot water kudikkonga, avoid cold items"
394,headache,Enakku innaiku headache irukku,"Panadol tablet eduthukkonga, konjam rest pannunga"
395,cold,Enakku innaiku cold irukku,"Steam eduthukkonga, warm water kudikkonga"
396,headache,Enakku innaiku headache irukku,"Panadol tablet eduthukkonga, konjam rest pannunga"
397,cough,Enakku innaiku cough irukku,"Honey with hot water kudikkonga, avoid cold items"
398,back pain,Enakku innaiku back pain irukku,"Bed rest pannunga, pain relief ointment use pannunga"
399,body pain,Enakku innaiku body pain irukku,"Paracetamol eduthukkonga, rest pannunga"
400,body pain,Enakku innaiku body pain irukku,"Paracetamol eduthukkonga, rest pannunga"
401,throat pain,Enakku innaiku throat pain irukku,"Salt water gargle pannunga, warm water kudikkonga"
402,diarrhea,Enakku innaiku diarrhea irukku,"ORS and more water kudikkonga, spicy food avoid pannunga"
403,diarrhea,Enakku innaiku diarrhea irukku,"ORS and more water kudikkonga, spicy food avoid pannunga"
404,body pain,Enakku innaiku body pain irukku,"Paracetamol eduthukkonga, rest pannunga"
405,back pain,Enakku innaiku back pain irukku,"Bed rest pannunga, pain relief ointment use pannunga"
406,cough,Enakku innaiku cough irukku,"Honey with hot water kudikkonga, avoid cold items"
407,skin rash,Enakku innaiku skin rash irukku,"Doctor kitte consult pannunga, avoid scratching"
408,stomach pain,Enakku innaiku stomach pain irukku,"Light ah food saapdunga, doctor kitte consult pannunga"
409,chest pain,Enakku innaiku chest pain irukku,"Immediate ah doctor ku poonga, serious aana ambulance ku call pannunga"
410,throat pain,Enakku innaiku throat pain irukku,"Salt water gargle pannunga, warm water kudikkonga"
411,cold,Enakku innaiku cold irukku,"Steam eduthukkonga, warm water kudikkonga"
412,body pain,Enakku innaiku body pain irukku,"Paracetamol eduthukkonga, rest pannunga"
413,skin rash,Enakku innaiku skin rash irukku,"Doctor kitte consult pannunga, avoid scratching"
414,back pain,Enakku innaiku back pain irukku,"Bed rest pannunga, pain relief ointment use pannunga"
415,throat pain,Enakku innaiku throat pain irukku,"Salt water gargle pannunga, warm water kudikkonga"
416,diarrhea,Enakku innaiku diarrhea irukku,"ORS and more water kudikkonga, spicy food avoid pannunga"
417,fever,Enakku innaiku fever irukku,"Take rest, drink warm water, paracetamol eduthukkonga"
418,stomach pain,Enakku innaiku stomach pain irukku,"Light ah food saapdunga, doctor kitte consult pannunga"
419,tiredness,Enakku innaiku tiredness irukku,"Proper sleep eduthukkonga, fruits saapdunga"
420,throat pain,Enakku innaiku throat pain irukku,"Salt water gargle pannunga, warm water kudikkonga"
421,weakness,Enakku innaiku weakness irukku,"Iron-rich food saapdunga, doctor consult pannunga"
422,cold,Enakku innaiku cold irukku,"Steam eduthukkonga, warm water kudikkonga"
423,vomiting,Enakku innaiku vomiting irukku,"ORS solution kudikkonga, light diet follow pannunga"
424,cold,Enakku innaiku cold irukku,"Steam eduthukkonga, warm water kudikkonga"
425,cold,Enakku innaiku cold irukku,"Steam eduthukkonga, warm water kudikkonga"
426,cough,Enakku innaiku cough irukku,"Honey with hot water kudikkonga, avoid cold items"
427,tiredness,Enakku innaiku tiredness irukku,"Proper sleep eduthukkonga, fruits saapdunga"
428,body pain,Enakku innaiku body pain irukku,"Paracetamol eduthukkonga, rest pannunga"
429,body pain,Enakku innaiku body pain irukku,"Paracetamol eduthukkonga, rest pannunga"
430,cold,Enakku innaiku cold irukku,"Steam eduthukkonga, warm water kudikkonga"
431,chest pain,Enakku innaiku chest pain irukku,"Immediate ah doctor ku poonga, serious aana ambulance ku call pannunga"
432,weakness,Enakku innaiku weakness irukku,"Iron-rich food saapdunga, doctor consult pannunga"
433,stomach pain,Enakku innaiku stomach pain irukku,"Light ah food saapdunga, doctor kitte consult pannunga"
434,back pain,Enakku innaiku back pain irukku,"Bed rest pannunga, pain relief ointment use pannunga"
435,throat pain,Enakku innaiku throat pain irukku,"Salt water gargle pannunga, warm water kudikkonga"
436,stomach pain,Enakku innaiku stomach pain irukku,"Light ah food saapdunga, doctor kitte consult pannunga"
437,diarrhea,Enakku innaiku diarrhea irukku,"ORS and more water kudikkonga, spicy food avoid pannunga"
438,chest pain,Enakku innaiku chest pain irukku,"Immediate ah doctor ku poonga, serious aana ambulance ku call pannunga"
439,skin rash,Enakku innaiku skin rash irukku,"Doctor kitte consult pannunga, avoid scratching"
440,skin rash,Enakku innaiku skin rash irukku,"Doctor kitte consult pannunga, avoid scratching"
441,throat pain,Enakku innaiku throat pain irukku,"Salt water gargle pannunga, warm water kudikkonga"
442,vomiting,Enakku innaiku vomiting irukku,"ORS solution kudikkonga, light diet follow pannunga"
443,stomach pain,Enakku innaiku stomach pain irukku,"Light ah food saapdunga, doctor kitte consult pannunga"
444,tiredness,Enakku innaiku tiredness irukku,"Proper sleep eduthukkonga, fruits saapdunga"
445,skin rash,Enakku innaiku skin rash irukku,"Doctor kitte consult pannunga, avoid scratching"
446,skin rash,Enakku innaiku skin rash irukku,"Doctor kitte consult pannunga, avoid scratching"
447,headache,Enakku innaiku headache irukku,"Panadol tablet eduthukkonga, konjam rest pannunga"
448,chest pain,Enakku innaiku chest pain irukku,"Immediate ah doctor ku poonga, serious aana ambulance ku call pannunga"
449,chest pain,Enakku innaiku chest pain irukku,"Immediate ah doctor ku poonga, serious aana ambulance ku call pannunga"
450,chest pain,Enakku innaiku chest pain irukku,"Immediate ah doctor ku poonga, serious aana ambulance ku call pannunga"
451,stomach pain,Enakku innaiku stomach pain irukku,"Light ah food saapdunga, doctor kitte consult pannunga"
452,cough,Enakku innaiku cough irukku,"Honey with hot water kudikkonga, avoid cold items"
453,cold,Enakku innaiku cold irukku,"Steam eduthukkonga, warm water kudikkonga"
454,stomach pain,Enakku innaiku stomach pain irukku,"Light ah food saapdunga, doctor kitte consult pannunga"
455,diarrhea,Enakku innaiku diarrhea irukku,"ORS and more water kudikkonga, spicy food avoid pannunga"
456,sore throat,Enakku innaiku sore throat irukku,"Ginger tea kudikkonga, salt water gargle pannunga"
457,cough,Enakku innaiku cough irukku,"Honey with hot water kudikkonga, avoid cold items"
458,vomiting,Enakku innaiku vomiting irukku,"ORS solution kudikkonga, light diet follow pannunga"
459,stomach pain,Enakku innaiku stomach pain irukku,"Light ah food saapdunga, doctor kitte consult pannunga"
460,cough,Enakku innaiku cough irukku,"Honey with hot water kudikkonga, avoid cold items"
461,headache,Enakku innaiku headache irukku,"Panadol tablet eduthukkonga, konjam rest pannunga"
462,vomiting,Enakku innaiku vomiting irukku,"ORS solution kudikkonga, light diet follow pannunga"
463,headache,Enakku innaiku headache irukku,"Panadol tablet eduthukkonga, konjam rest pannunga"
464,tiredness,Enakku innaiku tiredness irukku,"Proper sleep eduthukkonga, fruits saapdunga"
465,fever,Enakku innaiku fever irukku,"Take rest, drink warm water, paracetamol eduthukkonga"
466,sore throat,Enakku innaiku sore throat irukku,"Ginger tea kudikkonga, salt water gargle pannunga"
467,tiredness,Enakku innaiku tiredness irukku,"Proper sleep eduthukkonga, fruits saapdunga"
468,back pain,Enakku innaiku back pain irukku,"Bed rest pannunga, pain relief ointment use pannunga"
469,diarrhea,Enakku innaiku diarrhea irukku,"ORS and more water kudikkonga, spicy food avoid pannunga"
470,weakness,Enakku innaiku weakness irukku,"Iron-rich food saapdunga, doctor consult pannunga"
471,diarrhea,Enakku innaiku diarrhea irukku,"ORS and more water kudikkonga, spicy food avoid pannunga"
472,cough,Enakku innaiku cough irukku,"Honey with hot water kudikkonga, avoid cold items"
473,throat pain,Enakku innaiku throat pain irukku,"Salt water gargle pannunga, warm water kudikkonga"
474,weakness,Enakku innaiku weakness irukku,"Iron-rich food saapdunga, doctor consult pannunga"
475,back pain,Enakku innaiku back pain irukku,"Bed rest pannunga, pain relief ointment use pannunga"
476,chest pain,Enakku innaiku chest pain irukku,"Immediate ah doctor ku poonga, serious aana ambulance ku call pannunga"
477,tiredness,Enakku innaiku tiredness irukku,"Proper sleep eduthukkonga, fruits saapdunga"
478,back pain,Enakku innaiku back pain irukku,"Bed rest pannunga, pain relief ointment use pannunga"
479,throat pain,Enakku innaiku throat pain irukku,"Salt water gargle pannunga, warm water kudikkonga"
480,back pain,Enakku innaiku back pain irukku,"Bed rest pannunga, pain relief ointment use pannunga"
481,stomach pain,Enakku innaiku stomach pain irukku,"Light ah food saapdunga, doctor kitte consult pannunga"
482,cough,Enakku innaiku cough irukku,"Honey with hot water kudikkonga, avoid cold items"
483,stomach pain,Enakku innaiku stomach pain irukku,"Light ah food saapdunga, doctor kitte consult pannunga"
484,cold,Enakku innaiku cold irukku,"Steam eduthukkonga, warm water kudikkonga"
485,stomach pain,Enakku innaiku stomach pain irukku,"Light ah food saapdunga, doctor kitte consult pannunga"
486,cough,Enakku innaiku cough irukku,"Honey with hot water kudikkonga, avoid cold items"
487,headache,Enakku innaiku headache irukku,"Panadol tablet eduthukkonga, konjam rest pannunga"
488,chest pain,Enakku innaiku chest pain irukku,"Immediate ah doctor ku poonga, serious aana ambulance ku call pannunga"
489,diarrhea,Enakku innaiku diarrhea irukku,"ORS and more water kudikkonga, spicy food avoid pannunga"
490,cold,Enakku innaiku cold irukku,"Steam eduthukkonga, warm water kudikkonga"
491,vomiting,Enakku innaiku vomiting irukku,"ORS solution kudikkonga, light diet follow pannunga"
492,chest pain,Enakku innaiku chest pain irukku,"Immediate ah doctor ku poonga, serious aana ambulance ku call pannunga"
493,throat pain,Enakku innaiku throat pain irukku,"Salt water gargle pannunga, warm water kudikkonga"
494,vomiting,Enakku innaiku vomiting irukku,"ORS solution kudikkonga, light diet follow pannunga"
495,headache,Enakku innaiku headache irukku,"Panadol tablet eduthukkonga, konjam rest pannunga"
496,fever,Enakku innaiku fever irukku,"Take rest, drink warm water, paracetamol eduthukkonga"
497,cold,Enakku innaiku cold irukku,"Steam eduthukkonga, warm water kudikkonga"
498,weakness,Enakku innaiku weakness irukku,"Iron-rich food saapdunga, doctor consult pannunga"
499,back pain,Enakku innaiku back pain irukku,"Bed rest pannunga, pain relief ointment use pannunga"
500,cold,Enakku innaiku cold irukku,"Steam eduthukkonga, warm water kudikkonga"
